"Min.","1st Qu.","Median","Mean","3rd Qu.","Max.","NA's","which","timestep"
0.00100496387433385,2.79549407528996,5.82316277113372,20.7637742229438,16.3100210706845,7515.54797214565,24,"x",6
0.00107859566172894,2.46756021793338,5.43213281136567,14.3576552959482,16.3670699227465,1888.51061292198,40,"y",6
